קטגוריה,עדיפות,ID,תרחיש,תנאי מקדים,שלבי בדיקה,תוצאה צפויה,סטטוס,הערות
הכנה,גבוהה,0.1,Supabase upgrades,גישה ל-Supabase,הריצי upgrade-v6.sql ושאר upgrades,כל העמודות/סטטוסים קיימים,,
הכנה,גבוהה,0.2,משתני סביבה,גישה ל-Vercel/local,בדקי Supabase Resend ADMIN_SECRET Tranzila,כל המשתנים מוגדרים,,
הכנה,גבוהה,0.3,Health check,שרת רץ,פתחי /api/health,תשובה תקינה,,
הכנה,בינונית,0.4,נתוני בדיקה,,2 משתמשות + תמונות JPG/PNG,מוכן לבדיקה,,
דפים ציבוריים,גבוהה,1.1,דף הבית,,-,פתחי /,קטלוג ופילטרים נטענים,,
דפים ציבוריים,בינונית,1.2,איך זה עובד,,-,פתחי /how-it-works,תוכן וקישורים תקינים,,
דפים ציבוריים,נמוכה,1.3,תקנון פרטיות יצירת קשר,,-,"פתחי /terms /privacy /contact",דפים נטענים RTL,,
דפים ציבוריים,בינונית,1.4,Header/Footer,,-,לחצי על קישורים,ניווט תקין,,
דפים ציבוריים,גבוהה,1.6,רספונסיביות,,-,Desktop + Mobile,פריסה תקינה,,
הרשמה והתחברות,גבוהה,2.1,הרשמה תקינה,,מלאי טופס עם 0501234567,חשבון נוצר,,
הרשמה והתחברות,גבוהה,2.2,טלפון לא תקין,,-,נסי 1111111111,שגיאה — לא נשמר,,
הרשמה והתחברות,בינונית,2.3,כפילויות,,username/email/phone כפול,הודעת שגיאה,,
הרשמה והתחברות,גבוהה,2.4,התחברות,,username+password,כניסה מוצלחת,,
הרשמה והתחברות,גבוהה,2.7,עדכון פרופיל,מחוברת,/account?section=profile,נשמר ומוצג,,
קטלוג,גבוהה,3.1,טעינת שמלות,,-,פתחי /,כרטיסים מוצגים,,
קטלוג,גבוהה,3.2,פילטר מידה,,-,בחרי מידה מרשימה,סינון נכון,,
קטלוג,בינונית,3.3,פילטרים נוספים,,-,עיר צבע מחיר אירוע,תוצאות מתעדכנות,,
קטלוג,גבוהה,3.6,סליידר בקטלוג,שמלה עם 2+ תמונות,חיצים במרכז,תמונה מתחלפת לא פרטים,,
קטלוג,גבוהה,3.7,פתיחת פרטים,,-,לחיצה על תמונה,מודאל פרטים,,
קטלוג,בינונית,3.8,מועדפים וסל מהכרטיס,,-,❤️ 🛍️,מתעדכן ב-header,,
פרטי שמלה,גבוהה,4.1,כל השדות,,-,פתחי מודאל,"עיר אירוע צבע פיקדון ניקוי",,
פרטי שמלה,גבוהה,4.2,לא צויין,שמלה עם שדות ריקים,-,בדקי סוג אירוע/צבע,מופיע לא צויין,,
פרטי שמלה,גבוהה,4.3,סליידר במודאל,2+ תמונות,חיצים + thumbnails,ללא קפיצה,,
פרטי שמלה,גבוהה,4.4,גלילת פרטים,,-,גללי בצד,כל הפרטים + כפתורים,,
פרטי שמלה,גבוהה,4.5-4.9,פעולות,,-,"שריון תיאום דירוג שיתוף סל מועדפים",כל הפעולות עובדות,,
סל ומועדפים,גבוהה,5.1,סל,/account?section=cart,הוסיפי שמלות,רשימה + סהכ,,
סל ומועדפים,גבוהה,5.2,פרטים מהסל,פריטים בסל,לחיצה על שמלה,מודאל מלא,,
סל ומועדפים,גבוהה,5.4,מועדפים,/account?section=favorites,אותו flow,פרטים מלאים,,
הזמנה ותשלום,גבוהה,6.1,תאריך פנוי,מחוברת,שריון + תאריך עתידי,ממשיכה לתשלום,,
הזמנה ותשלום,גבוהה,6.2,תאריך עבר,,-,בחרי אתמול,חסום,,
הזמנה ותשלום,גבוהה,6.4,שמלה שלי,משכירה,נסי להזמין שמלה שלך,הודעה,,
הזמנה ותשלום,גבוהה,6.5,תשלום ביט,,ביט + אישור תשלום,awaiting_admin_approval,,
הזמנה ותשלום,גבוהה,6.9,אישור אדמין,הזמנה מדווחת,קישור approve,confirmed + תאריך חסום,,
הזמנה ותשלום,גבוהה,6.10,ההזמנות שלי,,-,/account?section=reservations,הזמנה מופיעה,,
הזמנה ותשלום,בינונית,6.12,הזמנות עבר,תאריך עבר,,-,קטע מקופל בעבר,,
הזמנה ותשלום,בינונית,6.13,שמלה הוסרה,dress removed,,-,קטע מקופל הוסרו,,
פרסום שמלות,גבוהה,7.1,הוספת שמלה,מחוברת,/account?section=add,שליחה לאישור,,
פרסום שמלות,גבוהה,7.2,צבע חובה,,-,שלחי בלי צבע,הודעת שגיאה,,
פרסום שמלות,גבוהה,7.3,מידה מרשימה,,-,רק XS-XXL,לא הקלדה חופשית,,
פרסום שמלות,גבוהה,7.7,אישור אדמין,/admin,approve,מופיעה בקטלוג,,
פרסום שמלות,גבוהה,7.8,השמלות שלי,,-,/account?section=rentals,ניהול + לוח שנה,,
פרסום שמלות,בינונית,7.10,ממתין לאישור תשלום,,-,פתחי קטע מקופל,פירוט הזמנות,,
פרסום שמלות,בינונית,7.11,שמלות שהוסרו,,-,פתחי קטע מקופל,פירוט שמלות,,
תיאום ודירוג,גבוהה,8.1,תיאום תאריך פנוי,,-,תיאום + תאריך,פרטי משכירה,,
תיאום ודירוג,בינונית,8.4,דירוג,,-,דרגי + שליחה,pending/מוצג אחרי אישור,,
אדמין,גבוהה,9.1,כניסה,/admin,סיסמת אדמין,דשבורד,,
אדמין,גבוהה,9.2,אישור שמלה,,approve,בקטלוג,,
אדמין,גבוהה,9.3,הסרת שמלה,,remove,removed לא בקטלוג,,
אימיילים,בינונית,10.1-10.4,מיילים,Resend מוגדר,בדקי כל trigger,מיילים מגיעים,,
Edge cases,בינונית,11.5-11.7,Query params,,-,"/?reserve= /?coordinate= /?publish=1",flow נכון,,
Go/No-Go,גבוהה,13,החלטת השקה,כל סעיפים 1-7,,-,אין חוסמים,,
